,date,link
0,2017.03.09,https://ameblo.jp/simamido/entry-12254865924.html
1,2017.03.16,https://ameblo.jp/simamido/entry-12257012832.html
2,2017.03.23,https://ameblo.jp/simamido/entry-12259059892.html
3,2017.03.30,https://ameblo.jp/simamido/entry-12261066843.html
4,2017.04.06,https://ameblo.jp/simamido/entry-12263208397.html
5,2017.04.13,https://ameblo.jp/simamido/entry-12265353513.html
6,2017.04.20,https://ameblo.jp/simamido/entry-12267432000.html
7,2017.04.27,https://ameblo.jp/simamido/entry-12269548355.html
8,2017.05.04,https://ameblo.jp/simamido/entry-12271637264.html
9,2017.05.11,https://ameblo.jp/simamido/entry-12273788897.html
10,2017.05.18,https://ameblo.jp/simamido/entry-12275859865.html
11,2017.05.25,https://ameblo.jp/simamido/entry-12277898119.html
12,2017.06.01,https://ameblo.jp/simamido/entry-12279940726.html
13,2017.06.08,https://ameblo.jp/simamido/entry-12282002357.html
14,2017.06.15,https://ameblo.jp/simamido/entry-12284036527.html
15,2017.06.22,https://ameblo.jp/simamido/entry-12286063432.html
16,2017.06.29,https://ameblo.jp/simamido/entry-12288129903.html
17,2017.07.06,https://ameblo.jp/simamido/entry-12290261504.html
18,2017.07.13,https://ameblo.jp/simamido/entry-12292348362.html
19,2017.07.20,https://ameblo.jp/simamido/entry-12294409412.html
20,2017.07.27,https://ameblo.jp/simamido/entry-12296402349.html
21,2017.08.03,https://ameblo.jp/simamido/entry-12298442298.html
22,2017.08.10,https://ameblo.jp/simamido/entry-12300451580.html
23,2017.08.17,https://ameblo.jp/simamido/entry-12302354163.html
24,2017.08.24,https://ameblo.jp/simamido/entry-12304363526.html
25,2017.08.31,https://ameblo.jp/simamido/entry-12306507631.html
26,2017.09.07,https://ameblo.jp/simamido/entry-12308654718.html
27,2017.09.14,https://ameblo.jp/simamido/entry-12310791064.html
28,2017.09.21,https://ameblo.jp/simamido/entry-12312801678.html
29,2017.09.28,https://ameblo.jp/simamido/entry-12314835567.html
30,2017.10.05,https://ameblo.jp/simamido/entry-12316974304.html
31,2017.10.12,https://ameblo.jp/simamido/entry-12319023806.html
32,2017.10.19,https://ameblo.jp/simamido/entry-12321025903.html
33,2017.10.26,https://ameblo.jp/simamido/entry-12323086973.html
34,2017.11.02,https://ameblo.jp/simamido/entry-12325162977.html
35,2017.11.09,https://ameblo.jp/simamido/entry-12327019750.html
36,2017.11.16,https://ameblo.jp/simamido/entry-12328938068.html
37,2017.11.23,https://ameblo.jp/simamido/entry-12330783934.html
38,2017.11.30,https://ameblo.jp/simamido/entry-12332718239.html
39,2017.12.07,https://ameblo.jp/simamido/entry-12334562675.html
40,2017.12.14,https://ameblo.jp/simamido/entry-12336404178.html
41,2017.12.21,https://ameblo.jp/simamido/entry-12338156802.html
42,2017.12.28,https://ameblo.jp/simamido/entry-12339949394.html
43,2018.01.04,https://ameblo.jp/simamido/entry-12341828587.html
44,2018.01.11,https://ameblo.jp/simamido/entry-12343714537.html
45,2018.01.18,https://ameblo.jp/simamido/entry-12345577588.html
46,2018.01.25,https://ameblo.jp/simamido/entry-12347443202.html
47,2018.02.01,https://ameblo.jp/simamido/entry-12349326537.html
48,2018.02.08,https://ameblo.jp/simamido/entry-12351249069.html
49,2018.02.15,https://ameblo.jp/simamido/entry-12353135221.html
50,2018.02.22,https://ameblo.jp/simamido/entry-12354987434.html
51,2018.03.01,https://ameblo.jp/simamido/entry-12356794657.html
52,2018.03.08,https://ameblo.jp/simamido/entry-12358677694.html
53,2018.03.15,https://ameblo.jp/simamido/entry-12360559290.html
54,2018.03.22,https://ameblo.jp/simamido/entry-12362398723.html
55,2018.03.29,https://ameblo.jp/simamido/entry-12364235745.html
56,2018.04.05,https://ameblo.jp/simamido/entry-12366106946.html
57,2018.04.12,https://ameblo.jp/simamido/entry-12367907740.html
58,2018.04.19,https://ameblo.jp/simamido/entry-12369670396.html
59,2018.04.26,https://ameblo.jp/simamido/entry-12371444242.html
60,2018.05.03,https://ameblo.jp/simamido/entry-12373213088.html
61,2018.05.10,https://ameblo.jp/simamido/entry-12374981636.html
62,2018.05.17,https://ameblo.jp/simamido/entry-12376722313.html
63,2018.05.24,https://ameblo.jp/simamido/entry-12378434782.html
64,2018.05.31,https://ameblo.jp/simamido/entry-12380275247.html
65,2018.06.07,https://ameblo.jp/simamido/entry-12382054107.html
66,2018.06.14,https://ameblo.jp/simamido/entry-12383750720.html
67,2018.06.21,https://ameblo.jp/simamido/entry-12385407359.html
68,2018.06.28,https://ameblo.jp/simamido/entry-12387051255.html
69,2018.07.05,https://ameblo.jp/simamido/entry-12388740648.html
70,2018.07.12,https://ameblo.jp/simamido/entry-12390351968.html
71,2018.07.19,https://ameblo.jp/simamido/entry-12391943907.html
72,2018.07.26,https://ameblo.jp/simamido/entry-12393541245.html
73,2018.08.02,https://ameblo.jp/simamido/entry-12395167921.html
74,2018.08.09,https://ameblo.jp/simamido/entry-12396775167.html
75,2018.08.16,https://ameblo.jp/simamido/entry-12398298645.html
76,2018.08.23,https://ameblo.jp/simamido/entry-12399910859.html
77,2018.08.30,https://ameblo.jp/simamido/entry-12401505173.html
78,2018.09.06,https://ameblo.jp/simamido/entry-12403122968.html
79,2018.09.13,https://ameblo.jp/simamido/entry-12404754143.html
80,2018.09.20,https://ameblo.jp/simamido/entry-12406391867.html
81,2018.09.27,https://ameblo.jp/simamido/entry-12408006063.html
82,2018.10.04,https://ameblo.jp/simamido/entry-12409629493.html
83,2018.10.11,https://ameblo.jp/simamido/entry-12411246880.html
84,2018.10.18,https://ameblo.jp/simamido/entry-12412828944.html
85,2018.10.25,https://ameblo.jp/simamido/entry-12414432121.html
86,2018.11.01,https://ameblo.jp/simamido/entry-12416055681.html
87,2018.11.08,https://ameblo.jp/simamido/entry-12417690378.html
88,2018.11.15,https://ameblo.jp/simamido/entry-12419287552.html
89,2018.11.22,https://ameblo.jp/simamido/entry-12420877338.html
90,2018.11.29,https://ameblo.jp/simamido/entry-12422443331.html
91,2018.12.06,https://ameblo.jp/simamido/entry-12424137548.html
92,2018.12.13,https://ameblo.jp/simamido/entry-12425719937.html
93,2018.12.20,https://ameblo.jp/simamido/entry-12427241218.html
94,2018.12.27,https://ameblo.jp/simamido/entry-12428830774.html
95,2018.01.10,https://ameblo.jp/simamido/entry-12432051445.html
96,2019.01.03,https://ameblo.jp/simamido/entry-12432077407.html
97,2019.01.17,https://ameblo.jp/simamido/entry-12433663443.html
98,2019.01.24,https://ameblo.jp/simamido/entry-12435259986.html
99,2019.01.31,https://ameblo.jp/simamido/entry-12436870636.html
100,2019.02.07,https://ameblo.jp/simamido/entry-12438522866.html
101,2019.02.14,https://ameblo.jp/simamido/entry-12440166041.html
102,2019.02.21,https://ameblo.jp/simamido/entry-12441841852.html
103,2019.02.28,https://ameblo.jp/simamido/entry-12443458058.html
104,2019.03.07,https://ameblo.jp/simamido/entry-12445105681.html
105,2019.03.14,https://ameblo.jp/simamido/entry-12446899422.html
106,2019.03.21,https://ameblo.jp/simamido/entry-12448655519.html
107,2019.03.28,https://ameblo.jp/simamido/entry-12450261536.html
108,2019.04.04,https://ameblo.jp/simamido/entry-12451967278.html
109,2019.04.11,https://ameblo.jp/simamido/entry-12453617502.html
110,2019.04.18,https://ameblo.jp/simamido/entry-12455250755.html
111,2019.04.25,https://ameblo.jp/simamido/entry-12456832225.html
112,2019.05.02,https://ameblo.jp/simamido/entry-12458505712.html
113,2019.05.09,https://ameblo.jp/simamido/entry-12460137526.html
114,2019.05.16,https://ameblo.jp/simamido/entry-12461771207.html
115,2019.05.23,https://ameblo.jp/simamido/entry-12463386352.html
116,2019.05.30,https://ameblo.jp/simamido/entry-12465077197.html
117,2019.06.06,https://ameblo.jp/simamido/entry-12473590375.html
118,2019.06.13,https://ameblo.jp/simamido/entry-12479805468.html
119,2019.06.20,https://ameblo.jp/simamido/entry-12483809060.html
120,2019.06.27,https://ameblo.jp/simamido/entry-12486974064.html
121,2019.07.04,https://ameblo.jp/simamido/entry-12490220621.html
122,2019.07.11,https://ameblo.jp/simamido/entry-12492831032.html
123,2019.07.18,https://ameblo.jp/simamido/entry-12495440913.html
124,2019.07.25,https://ameblo.jp/simamido/entry-12497808410.html
125,2019.08.01,https://ameblo.jp/simamido/entry-12500350255.html
126,2019.08.08,https://ameblo.jp/simamido/entry-12502925702.html
127,2019.08.15,https://ameblo.jp/simamido/entry-12507082729.html
128,2019.08.22,https://ameblo.jp/simamido/entry-12510318910.html
129,2019.08.29,https://ameblo.jp/simamido/entry-12514281548.html
130,2019.09.05,https://ameblo.jp/simamido/entry-12521091270.html
131,2019.09.12,https://ameblo.jp/simamido/entry-12524555372.html
132,2019.09.19,https://ameblo.jp/simamido/entry-12527403812.html
133,2019.09.26,https://ameblo.jp/simamido/entry-12529912471.html
134,2019.10.03,https://ameblo.jp/simamido/entry-12532218885.html
135,2019.10.10,https://ameblo.jp/simamido/entry-12534427447.html
136,2019.10.17,https://ameblo.jp/simamido/entry-12536711951.html
137,2019.10.24,https://ameblo.jp/simamido/entry-12538964879.html
138,2019.10.31,https://ameblo.jp/simamido/entry-12541043379.html
139,2019.11.07,https://ameblo.jp/simamido/entry-12543173180.html
140,2019.11.14,https://ameblo.jp/simamido/entry-12545320199.html
141,2019.11.21,https://ameblo.jp/simamido/entry-12547424427.html
142,2019.11.28,https://ameblo.jp/simamido/entry-12549713912.html
143,2019.12.05,https://ameblo.jp/simamido/entry-12553150994.html
144,2019.12.12,https://ameblo.jp/simamido/entry-12556710080.html
145,2019.12.19,https://ameblo.jp/simamido/entry-12560837100.html
146,2019.12.26,https://ameblo.jp/simamido/entry-12562415353.html
147,2020.01.02,https://ameblo.jp/simamido/entry-12564227961.html
148,2020.01.09,https://ameblo.jp/simamido/entry-12565798202.html
149,2020.01.16,https://ameblo.jp/simamido/entry-12567529294.html
150,2020.01.23,https://ameblo.jp/simamido/entry-12569246110.html
151,2020.01.30,https://ameblo.jp/simamido/entry-12571300651.html
152,2020.02.06,https://ameblo.jp/simamido/entry-12573232914.html
153,2020.02.13,https://ameblo.jp/simamido/entry-12575221613.html
154,2020.02.20,https://ameblo.jp/simamido/entry-12576566981.html
155,2020.02.27,https://ameblo.jp/simamido/entry-12578220451.html
156,2020.03.05,https://ameblo.jp/simamido/entry-12580029544.html
157,2020.03.12,https://ameblo.jp/simamido/entry-12581672323.html
158,2020.03.19,https://ameblo.jp/simamido/entry-12583314063.html
159,2020.03.26,https://ameblo.jp/simamido/entry-12584895433.html
160,2020.04.02,https://ameblo.jp/simamido/entry-12586622058.html
161,2020.04.09,https://ameblo.jp/simamido/entry-12588412479.html
162,2020.04.16,https://ameblo.jp/simamido/entry-12590158706.html
163,2020.04.23,https://ameblo.jp/simamido/entry-12591846185.html
164,2020.04.30,https://ameblo.jp/simamido/entry-12593581220.html
165,2020.05.07,https://ameblo.jp/simamido/entry-12595360531.html
166,2020.05.14,https://ameblo.jp/simamido/entry-12597090782.html
167,2020.05.21,https://ameblo.jp/simamido/entry-12598562978.html
168,2020.05.28,https://ameblo.jp/simamido/entry-12600367009.html
169,2020.06.04,https://ameblo.jp/simamido/entry-12601877299.html
170,2020.06.11,https://ameblo.jp/simamido/entry-12603531999.html
171,2020.06.18,https://ameblo.jp/simamido/entry-12605167333.html
172,2020.06.26,https://ameblo.jp/simamido/entry-12606988879.html
173,2020.07.03,https://ameblo.jp/simamido/entry-12608595671.html
174,2020.07.10,https://ameblo.jp/simamido/entry-12610152081.html
175,2020.07.17,https://ameblo.jp/simamido/entry-12611589447.html
176,2020.07.24,https://ameblo.jp/simamido/entry-12613162990.html
177,2020.07.31,https://ameblo.jp/simamido/entry-12614660851.html
178,2020.08.07,https://ameblo.jp/simamido/entry-12616228276.html
179,2020.08.14,https://ameblo.jp/simamido/entry-12617960250.html
180,2020.08.21,https://ameblo.jp/simamido/entry-12619237280.html
181,2020.08.28,https://ameblo.jp/simamido/entry-12620891234.html
182,2020.09.04,https://ameblo.jp/simamido/entry-12622458686.html
183,2020.09.11,https://ameblo.jp/simamido/entry-12624198688.html
184,2020.09.18,https://ameblo.jp/simamido/entry-12625836994.html
185,2020.09.25,https://ameblo.jp/simamido/entry-12627417687.html
186,2020.10.02,https://ameblo.jp/simamido/entry-12628935611.html
187,2020.10.09,https://ameblo.jp/simamido/entry-12630417578.html
188,2020.10.16,https://ameblo.jp/simamido/entry-12631910915.html
189,2020.10.23,https://ameblo.jp/simamido/entry-12633390970.html
190,2020.10.30,https://ameblo.jp/simamido/entry-12634850845.html
191,2020.11.06,https://ameblo.jp/simamido/entry-12636329545.html
192,2020.11.13,https://ameblo.jp/simamido/entry-12637774032.html
193,2020.11.20,https://ameblo.jp/simamido/entry-12639165483.html
194,2020.11.27,https://ameblo.jp/simamido/entry-12640569462.html
195,2020.12.04,https://ameblo.jp/simamido/entry-12642000548.html
196,2020.12.11,https://ameblo.jp/simamido/entry-12643394666.html
197,2020.12.18,https://ameblo.jp/simamido/entry-12644763795.html
198,2020.12.25,https://ameblo.jp/simamido/entry-12646126931.html
199,2021.01.01,https://ameblo.jp/simamido/entry-12647601660.html
200,2021.01.08,https://ameblo.jp/simamido/entry-12648932407.html
201,2021.01.15,https://ameblo.jp/simamido/entry-12650368915.html
202,2021.01.22,https://ameblo.jp/simamido/entry-12651864551.html
203,2021.01.29,https://ameblo.jp/simamido/entry-12653299405.html
204,2021.02.05,https://ameblo.jp/simamido/entry-12654777517.html
205,2021.02.12,https://ameblo.jp/simamido/entry-12656261999.html
206,2021.02.19,https://ameblo.jp/simamido/entry-12657672959.html
207,2021.02.26,https://ameblo.jp/simamido/entry-12659145671.html
208,2021.03.05,https://ameblo.jp/simamido/entry-12660518757.html
209,2021.03.12,https://ameblo.jp/simamido/entry-12661928270.html
210,2021.03.19,https://ameblo.jp/simamido/entry-12663314704.html
211,2021.03.26,https://ameblo.jp/simamido/entry-12664741313.html
212,2021.04.02,https://ameblo.jp/simamido/entry-12666169074.html
213,2021.04.09,https://ameblo.jp/simamido/entry-12667527553.html
214,2021.04.16,https://ameblo.jp/simamido/entry-12668961683.html
215,2021.04.23,https://ameblo.jp/simamido/entry-12670217677.html
216,2021.04.30,https://ameblo.jp/simamido/entry-12671623987.html
217,2021.05.07,https://ameblo.jp/simamido/entry-12673071294.html
218,2021.05.14,https://ameblo.jp/simamido/entry-12674409289.html
219,2021.05.21,https://ameblo.jp/simamido/entry-12675870479.html
220,2021.05.28,https://ameblo.jp/simamido/entry-12677217869.html
221,2021.06.04,https://ameblo.jp/simamido/entry-12678600711.html
222,2021.06.11,https://ameblo.jp/simamido/entry-12679992437.html
223,2021.06.18,https://ameblo.jp/simamido/entry-12681360451.html
224,2021.06.25,https://ameblo.jp/simamido/entry-12682712514.html
225,2021.07.02,https://ameblo.jp/simamido/entry-12684088653.html
226,2021.07.09,https://ameblo.jp/simamido/entry-12685493837.html
227,2021.07.16,https://ameblo.jp/simamido/entry-12686739750.html
228,2021.07.23,https://ameblo.jp/simamido/entry-12688123692.html
229,2021.07.30,https://ameblo.jp/simamido/entry-12689359331.html
230,2021.08.06,https://ameblo.jp/simamido/entry-12690686167.html
231,2021.08.13,https://ameblo.jp/simamido/entry-12691961651.html
232,2021.08.20,https://ameblo.jp/simamido/entry-12693254237.html
233,2021.08.27,https://ameblo.jp/simamido/entry-12694509630.html
234,2021.09.03,https://ameblo.jp/simamido/entry-12695846053.html
235,2021.09.10,https://ameblo.jp/simamido/entry-12697164429.html
236,2021.09.17,https://ameblo.jp/simamido/entry-12698490764.html
237,2021.09.24,https://ameblo.jp/simamido/entry-12699891559.html
238,2021.10.01,https://ameblo.jp/simamido/entry-12701271999.html
239,2021.10.08,https://ameblo.jp/simamido/entry-12702587314.html
240,2021.10.15,https://ameblo.jp/simamido/entry-12704010244.html
241,2021.10.22,https://ameblo.jp/simamido/entry-12705454550.html
242,2021.10.29,https://ameblo.jp/simamido/entry-12706889802.html
